-- phpMyAdmin SQL Dump
-- version 4.6.6deb5
-- https://www.phpmyadmin.net/
--
-- Host: localhost
-- Generation Time: Mar 19, 2019 at 09:54 PM
-- Server version: 5.7.25-0ubuntu0.18.04.2
-- PHP Version: 7.2.15-0ubuntu0.18.04.1

SET SQL_MODE = "NO_AUTO_VALUE_ON_ZERO";
SET time_zone = "+00:00";


/*!40101 SET @OLD_CHARACTER_SET_CLIENT=@@CHARACTER_SET_CLIENT */;
/*!40101 SET @OLD_CHARACTER_SET_RESULTS=@@CHARACTER_SET_RESULTS */;
/*!40101 SET @OLD_COLLATION_CONNECTION=@@COLLATION_CONNECTION */;
/*!40101 SET NAMES utf8mb4 */;

--
-- Database: `sollento_market`
--

-- --------------------------------------------------------

--
-- Table structure for table `category`
--

CREATE TABLE `category` (
  `id` int(11) NOT NULL,
  `name` varchar(255) COLLATE utf8_unicode_ci NOT NULL,
  `slug` varchar(100) COLLATE utf8_unicode_ci NOT NULL
) ENGINE=InnoDB DEFAULT CHARSET=utf8 COLLATE=utf8_unicode_ci;

--
-- Dumping data for table `category`
--

INSERT INTO `category` (`id`, `name`, `slug`) VALUES
(1, 'Умные часы', 'smart-watch'),
(7, 'Портативная зарядка', 'power-bank'),
(8, 'Нанонаушники', 'nano-headphones'),
(9, 'Фитнес трекеры', 'sport-watches');

-- --------------------------------------------------------

--
-- Table structure for table `marker_order`
--

CREATE TABLE `marker_order` (
  `id` int(11) NOT NULL,
  `client_info_id` int(11) DEFAULT NULL,
  `location_id` int(11) DEFAULT NULL,
  `delivery_way_id` int(11) DEFAULT NULL,
  `promo_code_id` int(11) DEFAULT NULL,
  `order_date` date NOT NULL,
  `created_at` datetime NOT NULL,
  `updated_at` datetime DEFAULT NULL,
  `total_cost` int(11) NOT NULL,
  `order_cost` int(11) NOT NULL,
  `delivery_cost` int(11) NOT NULL,
  `order_time` time DEFAULT NULL
) ENGINE=InnoDB DEFAULT CHARSET=utf8 COLLATE=utf8_unicode_ci;

--
-- Dumping data for table `marker_order`
--

INSERT INTO `marker_order` (`id`, `client_info_id`, `location_id`, `delivery_way_id`, `promo_code_id`, `order_date`, `created_at`, `updated_at`, `total_cost`, `order_cost`, `delivery_cost`, `order_time`) VALUES
(1, 1, 1, 3, 1, '2019-02-27', '2019-02-27 18:50:06', NULL, 86, 83, 3, NULL),
(2, 2, 2, 3, 2, '2019-03-01', '2019-03-01 16:36:18', NULL, 243, 240, 3, NULL),
(3, 3, 3, 1, 4, '2019-03-01', '2019-03-01 16:38:26', NULL, 283, 278, 5, NULL),
(4, 4, 4, 3, 5, '2019-03-01', '2019-03-01 16:41:52', NULL, 298, 295, 3, NULL),
(5, 5, 5, 3, 6, '2019-03-01', '2019-03-01 16:43:22', NULL, 298, 295, 3, NULL),
(6, 6, 6, 3, 7, '2019-03-01', '2019-03-01 16:43:57', NULL, 89, 86, 3, NULL),
(7, 7, 7, 1, 8, '2019-03-01', '2019-03-01 16:46:11', NULL, 283, 278, 5, NULL),
(8, 8, 8, 1, 9, '2019-03-01', '2019-03-01 16:46:46', NULL, 283, 278, 5, NULL),
(9, 9, 9, 1, 10, '2019-03-01', '2019-03-01 16:46:51', NULL, 283, 278, 5, NULL),
(10, 10, 10, 1, 11, '2019-03-01', '2019-03-01 16:46:51', NULL, 283, 278, 5, NULL),
(11, 11, 11, 1, 12, '2019-03-01', '2019-03-01 16:46:51', NULL, 283, 278, 5, NULL),
(12, 12, 12, 3, 13, '2019-03-01', '2019-03-01 16:51:09', NULL, 243, 240, 3, NULL),
(13, 13, 13, 3, 14, '2019-03-02', '2019-03-02 12:31:19', NULL, 48, 45, 3, NULL),
(14, 14, 14, 3, 15, '2019-03-03', '2019-03-03 00:41:13', NULL, 48, 45, 3, NULL),
(15, 15, 15, 3, 16, '2019-03-03', '2019-03-03 00:41:46', NULL, 48, 45, 3, NULL),
(16, 16, 16, 3, 17, '2019-03-03', '2019-03-03 00:41:48', NULL, 48, 45, 3, NULL),
(17, 17, 17, 3, 18, '2019-03-03', '2019-03-03 00:41:49', NULL, 48, 45, 3, NULL),
(18, 18, 18, 1, 19, '2019-03-03', '2019-03-03 00:49:08', NULL, 88, 83, 5, NULL),
(19, 19, 19, 3, 20, '2019-03-03', '2019-03-03 00:51:13', NULL, 86, 83, 3, NULL),
(20, 20, 20, 3, 21, '2019-03-03', '2019-03-03 00:55:29', NULL, 48, 45, 3, NULL),
(21, 21, 21, 3, 22, '2019-03-03', '2019-03-03 00:56:46', NULL, 48, 45, 3, NULL),
(22, 22, 22, 3, 23, '2019-03-03', '2019-03-03 01:00:28', NULL, 48, 45, 3, NULL),
(23, 23, 23, 3, 24, '2019-03-03', '2019-03-03 01:00:54', NULL, 48, 45, 3, NULL),
(24, 24, 24, 1, 25, '2019-03-06', '2019-03-06 20:32:25', NULL, 88, 83, 5, NULL),
(25, 25, 25, 1, 26, '2019-03-06', '2019-03-06 20:33:53', NULL, 88, 83, 5, NULL),
(26, 26, 26, 1, 27, '2019-03-06', '2019-03-06 20:37:25', NULL, 88, 83, 5, NULL),
(27, 27, 27, 1, 29, '2019-03-06', '2019-03-06 20:56:36', NULL, 88, 83, 5, NULL),
(28, 28, 28, 1, 30, '2019-03-06', '2019-03-06 23:56:45', NULL, 88, 83, 5, NULL),
(29, 29, 29, 1, 31, '2019-03-06', '2019-03-06 23:59:10', NULL, 88, 83, 5, NULL),
(30, 30, 30, 1, 32, '2019-03-06', '2019-03-06 23:59:25', NULL, 88, 83, 5, NULL),
(31, 31, 31, 1, 33, '2019-03-07', '2019-03-07 00:02:05', NULL, 88, 83, 5, NULL),
(32, 32, 32, 1, 34, '2019-03-07', '2019-03-07 00:03:00', NULL, 88, 83, 5, NULL),
(33, 33, 33, 1, 35, '2019-03-07', '2019-03-07 00:04:24', NULL, 88, 83, 5, NULL),
(34, 34, 34, 1, 36, '2019-03-07', '2019-03-07 00:19:32', NULL, 50, 45, 5, NULL),
(35, 35, 35, 1, 37, '2019-03-07', '2019-03-07 00:22:09', NULL, 50, 45, 5, NULL),
(36, 36, 36, 1, 38, '2019-03-07', '2019-03-07 00:23:19', NULL, 50, 45, 5, NULL),
(37, 37, 37, 1, 39, '2019-03-07', '2019-03-07 00:23:52', NULL, 50, 45, 5, NULL),
(38, 38, 38, 1, 40, '2019-03-07', '2019-03-07 00:28:03', NULL, 50, 45, 5, NULL),
(39, 39, 39, 1, 41, '2019-03-07', '2019-03-07 00:28:59', NULL, 50, 45, 5, NULL),
(40, 40, 40, 1, 42, '2019-03-07', '2019-03-07 00:29:21', NULL, 50, 45, 5, NULL),
(41, 41, 41, 1, 43, '2019-03-07', '2019-03-07 00:50:14', NULL, 50, 45, 5, NULL),
(42, 42, 42, 1, 44, '2019-03-07', '2019-03-07 01:01:42', NULL, 50, 45, 5, NULL),
(43, 43, 43, 1, 45, '2019-03-07', '2019-03-07 01:05:45', NULL, 50, 45, 5, NULL),
(44, 44, 44, 3, 46, '2019-03-07', '2019-03-07 01:07:55', NULL, 48, 45, 3, NULL),
(45, 45, 45, 3, 47, '2019-03-07', '2019-03-07 19:03:08', NULL, 48, 45, 3, NULL),
(46, 46, 46, 1, 48, '2019-03-07', '2019-03-07 19:05:34', NULL, 50, 45, 5, NULL),
(47, 47, 47, 1, 49, '2019-03-07', '2019-03-07 19:17:43', NULL, 50, 45, 5, NULL),
(48, 48, 48, 1, 50, '2019-03-07', '2019-03-07 19:21:37', NULL, 50, 45, 5, NULL),
(49, 49, 49, 1, 51, '2019-03-07', '2019-03-07 19:22:08', NULL, 50, 45, 5, NULL),
(50, 50, 50, 1, 53, '2019-03-07', '2019-03-07 19:28:25', NULL, 50, 45, 5, NULL),
(51, 51, 51, 1, 54, '2019-03-07', '2019-03-07 19:30:39', NULL, 50, 45, 5, NULL),
(52, 52, 52, 1, 55, '2019-03-07', '2019-03-07 19:35:32', NULL, 50, 45, 5, NULL),
(53, 53, 53, 1, 56, '2019-03-07', '2019-03-07 19:37:18', NULL, 50, 45, 5, NULL),
(54, 54, 54, 1, 57, '2019-03-07', '2019-03-07 19:52:29', NULL, 50, 45, 5, NULL),
(55, 61, 61, 1, 64, '2008-03-06', '2019-03-07 20:38:18', NULL, 50, 45, 5, NULL),
(56, 62, 62, 1, 65, '2019-03-29', '2019-03-07 20:44:49', NULL, 50, 45, 5, NULL),
(57, 63, 63, 1, 66, '2019-03-08', '2019-03-08 01:18:20', NULL, 50, 45, 5, NULL),
(58, 64, 64, 1, 67, '2019-03-16', '2019-03-08 01:20:09', NULL, 50, 45, 5, NULL),
(59, 65, 65, 3, 68, '2019-03-08', '2019-03-08 01:30:13', NULL, 48, 45, 3, NULL),
(60, 66, 66, 1, 69, '2019-03-22', '2019-03-08 01:37:00', NULL, 50, 45, 5, NULL),
(61, 67, 67, 1, 70, '2019-03-28', '2019-03-08 01:45:39', NULL, 50, 45, 5, NULL),
(62, 68, 68, 1, 71, '2019-03-08', '2019-03-08 01:47:30', NULL, 50, 45, 5, NULL),
(63, 69, 69, 1, 72, '2019-03-08', '2019-03-08 01:48:37', NULL, 50, 45, 5, NULL),
(64, 70, 70, 1, 73, '2019-03-08', '2019-03-08 01:50:07', NULL, 50, 45, 5, NULL),
(65, 71, 71, 1, 74, '2019-03-08', '2019-03-08 01:50:53', NULL, 50, 45, 5, NULL),
(66, 72, 72, 1, 75, '2019-03-08', '2019-03-08 01:51:41', NULL, 50, 45, 5, NULL),
(67, 73, 73, 1, 76, '2019-03-08', '2019-03-08 01:52:35', NULL, 50, 45, 5, NULL),
(68, 74, 74, 1, 77, '2019-03-08', '2019-03-08 01:53:25', NULL, 50, 45, 5, NULL),
(69, 75, 75, 1, 78, '2019-03-16', '2019-03-08 16:55:26', NULL, 50, 45, 5, NULL),
(70, 76, 76, 1, 79, '2019-03-27', '2019-03-08 16:58:53', NULL, 50, 45, 5, NULL),
(71, 77, 77, 1, 80, '2019-03-29', '2019-03-08 17:01:23', NULL, 50, 45, 5, NULL),
(72, 78, 78, 1, 81, '2019-03-27', '2019-03-08 17:25:44', NULL, 320, 315, 5, NULL),
(73, 79, 79, 1, 82, '2019-03-30', '2019-03-08 18:28:42', NULL, 50, 45, 5, NULL),
(74, 80, 80, 1, 83, '2019-03-29', '2019-03-09 00:25:01', NULL, 50, 45, 5, NULL),
(75, 81, 81, 1, 84, '2019-03-29', '2019-03-09 00:26:04', NULL, 50, 45, 5, NULL),
(76, 82, 82, 1, 85, '2019-03-27', '2019-03-09 00:27:28', NULL, 50, 45, 5, NULL),
(77, 83, 83, 1, 86, '2019-03-09', '2019-03-09 00:48:15', NULL, 50, 45, 5, NULL),
(78, 84, 84, 1, 87, '2019-03-09', '2019-03-09 01:32:40', NULL, 50, 45, 5, NULL),
(79, 85, 85, 1, 88, '2019-03-11', '2019-03-09 02:10:34', NULL, 50, 45, 5, NULL),
(80, 86, 86, 1, 89, '2019-03-09', '2019-03-09 02:21:27', NULL, 50, 45, 5, NULL),
(81, 87, 87, 1, 90, '2019-03-09', '2019-03-09 02:22:46', NULL, 50, 45, 5, NULL),
(82, 88, 88, 1, 91, '2019-03-10', '2019-03-09 12:40:10', NULL, 50, 45, 5, NULL),
(83, 89, 89, 1, 92, '2019-03-16', '2019-03-09 19:03:35', NULL, 50, 45, 5, NULL),
(84, 90, 90, 1, 93, '2019-03-11', '2019-03-10 17:30:22', NULL, 48, 43, 5, NULL),
(85, 91, 91, 1, 94, '2019-03-13', '2019-03-13 14:22:20', NULL, 50, 45, 5, NULL),
(86, 92, 92, 1, 95, '2019-03-15', '2019-03-14 14:40:17', NULL, 43, 38, 5, NULL),
(87, 93, 93, 1, 96, '2019-03-15', '2019-03-14 14:41:34', NULL, 81, 76, 5, NULL),
(88, 94, 94, 3, 97, '2019-03-14', '2019-03-14 14:45:47', NULL, 48, 45, 3, NULL),
(89, 95, 95, 1, 98, '2019-03-15', '2019-03-14 15:28:59', NULL, 335, 330, 5, NULL),
(90, 96, 96, 1, 99, '2019-03-14', '2019-03-14 15:37:01', NULL, 50, 45, 5, NULL),
(91, 97, 97, 3, 100, '2019-03-14', '2019-03-14 15:59:39', NULL, 228, 225, 3, NULL),
(92, 98, 98, 3, 101, '2019-03-14', '2019-03-14 16:00:55', NULL, 48, 45, 3, NULL),
(93, 99, 99, 1, 102, '2019-03-15', '2019-03-14 16:02:21', NULL, 50, 45, 5, NULL),
(94, 100, 100, 3, 103, '2019-03-14', '2019-03-14 16:03:33', NULL, 48, 45, 3, NULL),
(95, 101, 101, 3, 104, '2019-03-14', '2019-03-14 16:04:21', NULL, 48, 45, 3, NULL),
(96, 102, 102, 3, 105, '2019-03-14', '2019-03-14 16:06:26', NULL, 48, 45, 3, NULL),
(97, 103, 103, 3, 106, '2019-03-14', '2019-03-14 22:33:13', NULL, 528, 525, 3, NULL),
(98, 104, 104, 3, 107, '2019-03-14', '2019-03-14 22:34:57', NULL, 528, 525, 3, NULL),
(99, 105, 105, 3, 108, '2019-03-14', '2019-03-14 22:39:37', NULL, 528, 525, 3, NULL),
(100, 106, 106, 3, 109, '2019-03-14', '2019-03-14 22:40:04', NULL, 528, 525, 3, NULL),
(101, 107, 107, 3, 110, '2019-03-14', '2019-03-14 22:41:30', NULL, 528, 525, 3, NULL),
(102, 108, 108, 1, 111, '2019-03-18', '2019-03-15 14:41:33', NULL, 50, 45, 5, NULL),
(103, 109, 109, 1, 112, '2019-03-17', '2019-03-16 17:14:30', NULL, 126, 121, 5, NULL),
(104, 110, 110, 1, 113, '2019-03-17', '2019-03-16 17:17:45', NULL, 126, 121, 5, NULL),
(105, 111, 111, 1, 114, '2019-03-17', '2019-03-16 17:20:00', NULL, 126, 121, 5, NULL),
(106, 112, 112, 1, 115, '2019-03-17', '2019-03-16 22:20:11', NULL, 50, 45, 5, NULL),
(107, 113, 113, 1, 116, '2019-03-20', '2019-03-19 12:06:33', NULL, 140, 135, 5, NULL),
(109, 115, 115, 1, 118, '2019-03-19', '2019-03-19 12:14:48', NULL, 50, 45, 5, '01:00:00'),
(110, 116, 116, 1, 119, '2019-03-20', '2019-03-19 12:17:25', NULL, 216, 211, 5, '12:00:00');

-- --------------------------------------------------------

--
-- Table structure for table `market_ordered_products`
--

CREATE TABLE `market_ordered_products` (
  `id` int(11) NOT NULL,
  `order_id` int(11) DEFAULT NULL,
  `product_id` int(11) DEFAULT NULL,
  `count` int(11) NOT NULL
) ENGINE=InnoDB DEFAULT CHARSET=utf8 COLLATE=utf8_unicode_ci;

--
-- Dumping data for table `market_ordered_products`
--

INSERT INTO `market_ordered_products` (`id`, `order_id`, `product_id`, `count`) VALUES
(1, 1, 4, 0),
(2, 1, 3, 0),
(3, 2, 5, 0),
(4, 3, 4, 0),
(5, 3, 5, 0),
(6, 4, 7, 0),
(7, 4, 5, 0),
(8, 5, 7, 0),
(9, 5, 5, 0),
(10, 6, 4, 0),
(11, 6, 6, 0),
(12, 7, 4, 0),
(13, 7, 5, 0),
(14, 8, 4, 0),
(15, 8, 5, 0),
(16, 9, 4, 0),
(17, 9, 5, 0),
(18, 10, 4, 0),
(19, 10, 5, 0),
(20, 11, 4, 0),
(21, 11, 5, 0),
(22, 12, 5, 0),
(23, 13, 3, 0),
(24, 14, 3, 0),
(25, 15, 3, 0),
(26, 16, 3, 0),
(27, 17, 3, 0),
(28, 18, 4, 0),
(29, 18, 3, 0),
(30, 19, 4, 0),
(31, 19, 3, 0),
(32, 20, 3, 0),
(33, 21, 3, 0),
(34, 22, 3, 0),
(35, 23, 3, 0),
(36, 24, 4, 0),
(37, 24, 3, 0),
(38, 25, 4, 0),
(39, 25, 3, 0),
(40, 26, 4, 0),
(41, 26, 3, 0),
(42, 27, 4, 0),
(43, 27, 3, 0),
(44, 28, 4, 0),
(45, 28, 3, 0),
(46, 29, 4, 0),
(47, 29, 3, 0),
(48, 30, 4, 0),
(49, 30, 3, 0),
(50, 31, 4, 0),
(51, 31, 3, 0),
(52, 32, 4, 0),
(53, 32, 3, 0),
(54, 33, 4, 0),
(55, 33, 3, 0),
(56, 34, 3, 0),
(57, 35, 3, 0),
(58, 36, 3, 0),
(59, 37, 3, 0),
(60, 38, 3, 0),
(61, 39, 3, 0),
(62, 40, 3, 0),
(63, 41, 3, 0),
(64, 42, 3, 0),
(65, 43, 3, 0),
(66, 44, 3, 0),
(67, 45, 3, 0),
(68, 46, 3, 0),
(69, 47, 3, 0),
(70, 48, 3, 0),
(71, 49, 3, 0),
(72, 50, 3, 0),
(73, 51, 3, 0),
(74, 52, 3, 0),
(75, 53, 3, 0),
(76, 54, 3, 0),
(77, 55, 3, 0),
(78, 56, 3, 0),
(79, 57, 3, 0),
(80, 58, 3, 0),
(81, 59, 3, 0),
(82, 60, 3, 0),
(83, 61, 3, 0),
(84, 62, 3, 0),
(85, 63, 3, 0),
(86, 64, 3, 0),
(87, 65, 3, 0),
(88, 66, 3, 0),
(89, 67, 3, 0),
(90, 68, 3, 0),
(91, 69, 3, 0),
(92, 70, 3, 0),
(93, 71, 3, 0),
(94, 72, 3, 0),
(95, 72, 3, 0),
(96, 72, 3, 0),
(97, 72, 3, 0),
(98, 72, 3, 0),
(99, 72, 3, 0),
(100, 72, 3, 0),
(101, 73, 3, 0),
(102, 74, 3, 0),
(103, 75, 3, 0),
(104, 76, 3, 0),
(105, 77, 3, 0),
(106, 78, 3, 0),
(107, 79, 3, 0),
(108, 80, 3, 0),
(109, 81, 3, 0),
(110, 82, 3, 0),
(111, 83, 3, 0),
(112, 84, 3, 0),
(113, 85, 3, 0),
(114, 86, 4, 0),
(115, 87, 4, 0),
(116, 88, 3, 0),
(117, 89, 3, 0),
(118, 89, 5, 0),
(119, 90, 3, 0),
(120, 91, 3, 0),
(121, 92, 3, 0),
(122, 93, 3, 0),
(123, 94, 3, 0),
(124, 95, 3, 0),
(125, 96, 3, 0),
(126, 97, 3, 0),
(127, 97, 5, 0),
(128, 98, 3, 0),
(129, 98, 5, 0),
(130, 99, 3, 0),
(131, 99, 5, 0),
(132, 100, 3, 0),
(133, 100, 5, 0),
(134, 101, 3, 0),
(135, 101, 5, 0),
(136, 102, 3, 0),
(137, 103, 4, 0),
(138, 103, 3, 0),
(139, 104, 4, 0),
(140, 104, 3, 0),
(141, 105, 4, 0),
(142, 105, 3, 0),
(143, 106, 3, 0),
(144, 107, 3, 0),
(145, 109, 3, 1),
(146, 110, 3, 3),
(147, 110, 4, 2);

-- --------------------------------------------------------

--
-- Table structure for table `market_order_client_info`
--

CREATE TABLE `market_order_client_info` (
  `id` int(11) NOT NULL,
  `full_name` varchar(255) COLLATE utf8_unicode_ci DEFAULT NULL,
  `first_name` varchar(255) COLLATE utf8_unicode_ci DEFAULT NULL,
  `phone_number` varchar(255) COLLATE utf8_unicode_ci NOT NULL
) ENGINE=InnoDB DEFAULT CHARSET=utf8 COLLATE=utf8_unicode_ci;

--
-- Dumping data for table `market_order_client_info`
--

INSERT INTO `market_order_client_info` (`id`, `full_name`, `first_name`, `phone_number`) VALUES
(1, 'ndakjsnd', NULL, '+375259295778'),
(2, 'Маааа Максим Серрый', NULL, '+375259295778'),
(3, NULL, 'Василий', '+375259295778'),
(4, 'undefined', NULL, 'undefined'),
(5, 'undefined', NULL, 'undefined'),
(6, 'undefined', NULL, 'undefined'),
(7, NULL, 'Паслина', '8025259295778'),
(8, NULL, 'Паслина', '8025259295778'),
(9, NULL, 'Паслина', '8025259295778'),
(10, NULL, 'Паслина', '8025259295778'),
(11, NULL, 'Паслина', '8025259295778'),
(12, 'undefined', NULL, 'undefined'),
(13, 'undefined', NULL, 'undefined'),
(14, 'Иванов Иван Иванович', NULL, '+375 (25) 929-57-78'),
(15, 'Иванов Иван Иванович', NULL, '+375 (25) 929-57-78'),
(16, 'Иванов Иван Иванович', NULL, '+375 (25) 929-57-78'),
(17, 'Иванов Иван Иванович', NULL, '+375 (25) 929-57-78'),
(18, NULL, 'Павел', '+375 (25) 929-57-78'),
(19, 'Лайков Павел Александрович', NULL, '+375 (25) 929-57-78'),
(20, 'Иванов Иван Иванович', NULL, '+375 (44) 929-76-84'),
(21, 'Иванов Иван Иванович', NULL, '+375 (44) 929-76-84'),
(22, 'Филимонов Филимон Филимонович', NULL, '+375 (44) 929-57-78'),
(23, 'Филимонов Филимон Филимонович', NULL, '+375 (44) 929-57-78'),
(24, NULL, 'Павел', '+375 (25) 929-57-78'),
(25, NULL, 'hdasdnkasj', '+375 (25) 929-55-78'),
(26, NULL, 'Павел', '+375 (25) 929-57-78'),
(27, NULL, 'dnbsadn', '+375 (34) 782-74-98'),
(28, NULL, 'sdnaskdn', '+375 (32) 784-79-32'),
(29, NULL, 'dnasdknj', '+375 (73) 829-47-49'),
(30, NULL, 'dnajsdnk', '+375 (23) 998-12-37'),
(31, NULL, 'dqdasd', '+375 (34) 928-47-29'),
(32, NULL, 'bdabjsd', '+375 (73) 492-37-94'),
(33, NULL, 'jdnadkj', '+375 (83) 429-34-80'),
(34, NULL, 'dsjadkasj', '+375 (74) 324-79-32'),
(35, NULL, 'nadkan', '+375 (48) 232-94-87'),
(36, NULL, 'maskd', '+375 (34) 234-23-42'),
(37, NULL, 'ndjsdnka', '+375 (45) 839-08-30'),
(38, NULL, 'dnsadka', '+375 (48) 239-48-20'),
(39, NULL, 'ndadkj', '+375 (84) 209-82-93'),
(40, NULL, 'dsjdnahd', '+375 (84) 239-04-82'),
(41, NULL, 'sdnaksjdn', '+375 (42) 389-42-34'),
(42, NULL, 'Павел', '+375 (25) 929-57-78'),
(43, NULL, 'Павлевич', '+375 (44) 092-89-32'),
(44, 'sndfjsf dfnsjf skjdfs', NULL, '+375 (77) 383-28-92'),
(45, 'Павел', NULL, '+375 (25) 929-57-78'),
(46, NULL, 'dnasjd', '+375 (37) 423-84-23'),
(47, NULL, 'ehwebk', '+375 (36) 417-48-23'),
(48, NULL, 'dnsajdnkjs', '+375 (43) 298-42-37'),
(49, NULL, 'nsndanks347298429', '+375 (37) 294-82-73'),
(50, NULL, 'ddbadjh', '+375 (34) 792-47-98'),
(51, NULL, 'dnasjn3429847', '+375 (47) 893-29-87'),
(52, NULL, 'dasjdkjas', '+375 (43) 729-42-87'),
(53, NULL, 'dbasdbj', '+375 (34) 329-84-23'),
(54, NULL, 'Павел', '+375 (25) 929-57-78'),
(61, NULL, 'Ехидна', '+375 (34) 278-43-26'),
(62, NULL, 'Ехидна', '+375 (25) 929-57-78'),
(63, NULL, 'dbashdj', '+375 (34) 723-84-38'),
(64, NULL, 'Павел', '+375 (29) 837-24-83'),
(65, 'Павел', NULL, '+375 (44) 854-95-45'),
(66, NULL, 'Павел', '+375 (25) 929-57-78'),
(67, NULL, 'dsakjdn', '+375 (37) 183-72-23'),
(68, NULL, 'dhasbjd', '+375 (34) 723-89-48'),
(69, NULL, 'ndasdasnd', '+375 (24) 293-87-49'),
(70, NULL, 'nasndk', '+375 (34) 729-47-23'),
(71, NULL, 'dnasjdk', '+375 (34) 298-37-49'),
(72, NULL, 'dnask', '+375 (31) 344-98-73'),
(73, NULL, 'dnaskjdn', '+375 (34) 223-42-34'),
(74, NULL, 'ndkasndkjas', '+375 (32) 747-82-34'),
(75, NULL, 'ПАвел', '+375 (26) 929-29-22'),
(76, NULL, 'Павел', '+375 (25) 929-57-78'),
(77, NULL, 'jdnasdnkas', '+375 (39) 482-37-47'),
(78, NULL, 'Павел', '+375 (34) 324-32-43'),
(79, NULL, 'ndsakjdnk', '+375 (25) 938-09-21'),
(80, NULL, 'ыфвыфв', '+375 (34) 234-32-42'),
(81, NULL, 'ndasjdn', '+375 (34) 374-98-34'),
(82, NULL, 'dnaskjndka', '+375 (74) 398-47-93'),
(83, NULL, 'ndsajdkas', '+375 (23) 473-46-73'),
(84, NULL, 'dsjadnas', '+375 (34) 734-93-47'),
(85, NULL, 'Павел', '+375 (25) 929-57-78'),
(86, NULL, 'Павел', '+375 (25) 929-57-78'),
(87, NULL, 'Павел', '+375 (25) 929-57-78'),
(88, NULL, 'dnsadbjd', '+375 (34) 234-32-43'),
(89, NULL, 'dnajsndk', '+375 (34) 324-89-23'),
(90, NULL, 'Паня', '+375 (25) 929-57-78'),
(91, NULL, 'Паве', '+375 (34) 234-23-42'),
(92, NULL, 'Павел', '+375 (32) 423-43-24'),
(93, NULL, 'dnasjdk', '+375 (47) 327-49-24'),
(94, 'undefined', NULL, 'undefined'),
(95, NULL, 'Паша', '+375 (34) 234-23-43'),
(96, NULL, '34234234', '+375 (34) 234-24-23'),
(97, 'undefined', NULL, 'undefined'),
(98, 'undefined', NULL, 'undefined'),
(99, NULL, 'Павел', '+375 (34) 234-32-42'),
(100, 'undefined', NULL, 'undefined'),
(101, 'undefined', NULL, 'undefined'),
(102, 'undefined', NULL, 'undefined'),
(103, 'undefined', NULL, 'undefined'),
(104, 'undefined', NULL, 'undefined'),
(105, 'undefined', NULL, 'undefined'),
(106, 'undefined', NULL, 'undefined'),
(107, 'undefined', NULL, 'undefined'),
(108, NULL, 'Павел', '+375 (43) 243-24-32'),
(109, NULL, 'Пася', '+375 (25) 929-57-78'),
(110, NULL, 'Пася', '+375 (25) 929-57-78'),
(111, NULL, 'Пася', '+375 (25) 929-57-78'),
(112, NULL, 'София', '+375 (44) 554-43-83'),
(113, NULL, 'Павел', '+375 (34) 243-24-23'),
(115, NULL, 'dnaskjdn', '+375 (43) 932-48-29'),
(116, NULL, 'Павлентий', '+375 (25) 929-57-78');

-- --------------------------------------------------------

--
-- Table structure for table `market_order_delivery_way`
--

CREATE TABLE `market_order_delivery_way` (
  `id` int(11) NOT NULL,
  `name` varchar(255) COLLATE utf8_unicode_ci NOT NULL,
  `title` varchar(255) COLLATE utf8_unicode_ci NOT NULL
) ENGINE=InnoDB DEFAULT CHARSET=utf8 COLLATE=utf8_unicode_ci;

--
-- Dumping data for table `market_order_delivery_way`
--

INSERT INTO `market_order_delivery_way` (`id`, `name`, `title`) VALUES
(1, 'driver', 'Курьер'),
(2, 'own', 'Самовывоз'),
(3, 'mail', 'Почтой');

-- --------------------------------------------------------

--
-- Table structure for table `market_order_location`
--

CREATE TABLE `market_order_location` (
  `id` int(11) NOT NULL,
  `location_type` int(11) DEFAULT NULL,
  `city` varchar(255) COLLATE utf8_unicode_ci NOT NULL,
  `street` varchar(255) COLLATE utf8_unicode_ci NOT NULL,
  `post_index` int(11) DEFAULT NULL,
  `home_number` int(11) DEFAULT NULL,
  `apartment_number` int(11) DEFAULT NULL
) ENGINE=InnoDB DEFAULT CHARSET=utf8 COLLATE=utf8_unicode_ci;

--
-- Dumping data for table `market_order_location`
--

INSERT INTO `market_order_location` (`id`, `location_type`, `city`, `street`, `post_index`, `home_number`, `apartment_number`) VALUES
(1, 2, 'Minsk', 'kjasndjkanks', 2201231, 32, 3),
(2, 2, 'Minsk', 'Оатвыаоыат', 220117, 40, 3),
(3, 1, 'Minsk', 'Рафиева', NULL, 40, 3),
(4, 2, 'Minsk', 'undefined', NULL, NULL, NULL),
(5, 2, 'Minsk', 'undefined', NULL, NULL, NULL),
(6, 2, 'Minsk', 'undefined', NULL, NULL, NULL),
(7, 1, 'Minsk', 'Рафиева', NULL, 40, 3),
(8, 1, 'Minsk', 'Рафиева', NULL, 40, 3),
(9, 1, 'Minsk', 'Рафиева', NULL, 40, 3),
(10, 1, 'Minsk', 'Рафиева', NULL, 40, 3),
(11, 1, 'Minsk', 'Рафиева', NULL, 40, 3),
(12, 2, 'Minsk', 'undefined', NULL, NULL, NULL),
(13, 2, 'Minsk', 'undefined', NULL, NULL, NULL),
(14, 2, 'Minsk', 'Ра', 220117, 40, 3),
(15, 2, 'Minsk', 'Ра', 220117, 40, 3),
(16, 2, 'Minsk', 'Ра', 220117, 40, 3),
(17, 2, 'Minsk', 'Ра', 220117, 40, 3),
(18, 1, 'Minsk', 'Раф', NULL, 40, 3),
(19, 2, 'Minsk', 'Рафи', 220117, 40, 3),
(20, 2, 'Minsk', 'ул. Рафиева', 220117, 40, 3),
(21, 2, 'Minsk', 'пер. Радостный', 220117, 40, 3),
(22, 2, 'Витебск', 'пер. Активный', 220118, 45, 3),
(23, 2, 'Витебск', 'пер. Активный', 220118, 45, 3),
(24, 1, 'Минск', 'Рафиева', NULL, 40, 3),
(25, 1, 'Минск', 'hadasndja', NULL, 40, 3),
(26, 1, 'Минск', 'Рафиева', NULL, 40, 3),
(27, 1, 'Минск', '3dhfkjafkjsdk', NULL, 37873, 797897),
(28, 1, 'Минск', 'dasjdbhasd', NULL, 237618, 3628),
(29, 1, 'Минск', 'ndaskjdnakj', NULL, 4728934, 47392),
(30, 1, 'Минск', 'dkasndaskjd', NULL, 3719282, 37289),
(31, 1, 'Минск', 'dkhasjdn', NULL, 238109, 3209),
(32, 1, 'Минск', '374823', NULL, 423423, 8343242),
(33, 1, 'Минск', 'ndsjfsjnfjh', NULL, 3809283, 389423),
(34, 1, 'Минск', 'sdnasdnk', NULL, 34329874, 37982),
(35, 1, 'Минск', 'dasjdas', NULL, 48230948, 48392409),
(36, 1, 'Минск', 'dakjsdkan', NULL, 3482390, 438904),
(37, 1, 'Минск', 'dasjkdnjk', NULL, 3482, 438902),
(38, 1, 'Минск', 'dsajkdnask', NULL, 349028, 483290),
(39, 1, 'Минск', 'dnjkfsndf', NULL, 4823904, 483942),
(40, 1, 'Минск', 'hdsfnskjf', NULL, 384203849, 483294),
(41, 1, 'Минск', 'adsdjkasdasjd', NULL, 348294832, 438204),
(42, 1, 'Минск', 'Рафиева', NULL, 40, 3),
(43, 1, 'Минск', 'Рафиева', NULL, 40, 3),
(44, 2, 'таваоыв', 'твыаыолаты', 3829328, 23423, 32),
(45, 2, 'Ревятичи', 'ул. Центральная', 220117, 40, 3),
(46, 1, 'Минск', 'ул. Козлова', NULL, 40, 3),
(47, 1, 'Минск', 'fdasfbasjfsd', NULL, 231238, 37281291),
(48, 1, 'Минск', 'dsjbsdjf', NULL, 839120, 329380),
(49, 1, 'Минск', 'CDSFHBJSHKDB', NULL, 374293, 432984),
(50, 1, 'Минск', 'hsdfbs', NULL, 473, 47384),
(51, 1, 'Минск', 'fsdfskh', NULL, 3479, 347),
(52, 1, 'Минск', 'dnaksjdnasj', NULL, 34829, 473),
(53, 1, 'Минск', 'mdmasdnasld', NULL, 3482394, 47839),
(54, 1, 'Минск', 'Козлова', NULL, 40, 3),
(61, 1, 'Минск', 'shfj', NULL, 34, 34),
(62, 1, 'Минск', 'ул. Серафимовича', NULL, 40, 3),
(63, 1, 'Минск', 'ул. Рафиева', NULL, 232, 342),
(64, 1, 'Минск', 'Коз', NULL, 40, 3),
(65, 2, 'Ревятичи', 'ул. Партизанская', 3123, 3231, 23),
(66, 1, 'Минск', 'пер. 2 полиграфический', NULL, 40, 3),
(67, 1, 'Минск', 'nadjkdns', NULL, 231, 32),
(68, 1, 'Минск', 'bcasjdbjasbd', NULL, 3233, 3434),
(69, 1, 'Минск', 'sdakjsdnakd', NULL, 23123, 231131),
(70, 1, 'Минск', 'dsadnaskjd', NULL, 3132, 323),
(71, 1, 'Минск', 'dajdajsd', NULL, 231, 3232),
(72, 1, 'Минск', 'dkasnds', NULL, 2313, 3232),
(73, 1, 'Минск', 'fdbsdfbds', NULL, 4324, 43),
(74, 1, 'Минск', 'dkjsdnajn', NULL, 232, 233),
(75, 1, 'Минск', 'тывлфолыов', NULL, 2312, 32423),
(76, 1, 'Минск', 'ул. Полиграфическая', NULL, 40, 3),
(77, 1, 'Минск', 'sdlkad', NULL, 342, 3123),
(78, 1, 'Минск', 'пер. 1 топографический', NULL, 40, 3),
(79, 1, 'Минск', 'ndasjkdna', NULL, 3434, 434),
(80, 1, 'Минск', 'dnasjdk', NULL, 232, 32),
(81, 1, 'Минск', 'dnaskjndkjs', NULL, 23, 23),
(82, 1, 'Минск', 'nkadnjasknd', NULL, 37, 434),
(83, 1, 'Минск', 'bchjcbzhjx', NULL, 3748, 436487),
(84, 1, 'Минск', 'dbsajdas', NULL, 3423, 34),
(85, 1, 'Минск', 'ул. Серафимовича', NULL, 40, 3),
(86, 1, 'Минск', 'Рафиева', NULL, 40, 3),
(87, 1, 'Минск', 'Рафиева', NULL, 40, 3),
(88, 1, 'Минск', 'ул. Серафимовича', NULL, 3423, 434),
(89, 1, 'Минск', 'ijdasjd', NULL, 344, 434),
(90, 1, 'Минск', 'ул. Рафиева', NULL, 40, 3),
(91, 1, 'Минск', 'вфывфы', NULL, 3434, 4),
(92, 1, 'Минск', 'Рафиева', NULL, 34, 34),
(93, 1, 'Минск', 'sajda', NULL, 3473, 34),
(94, 2, 'undefined', 'undefined', NULL, NULL, NULL),
(95, 1, 'Минск', 'ул. Полиграфическая', NULL, 40, 3),
(96, 1, 'Минск', '3424324', NULL, 4343, 3434),
(97, 2, 'undefined', 'undefined', NULL, NULL, NULL),
(98, 2, 'undefined', 'undefined', NULL, NULL, NULL),
(99, 1, 'Минск', 'Рафиева', NULL, 40, 3),
(100, 2, 'undefined', 'undefined', NULL, NULL, NULL),
(101, 2, 'undefined', 'undefined', NULL, NULL, NULL),
(102, 2, 'undefined', 'undefined', NULL, NULL, NULL),
(103, 2, 'undefined', 'undefined', NULL, NULL, NULL),
(104, 2, 'undefined', 'undefined', NULL, NULL, NULL),
(105, 2, 'undefined', 'undefined', NULL, NULL, NULL),
(106, 2, 'undefined', 'undefined', NULL, NULL, NULL),
(107, 2, 'undefined', 'undefined', NULL, NULL, NULL),
(108, 1, 'Минск', 'пер. 1 полиграфический', NULL, 34, 2),
(109, 1, 'Минск', 'ул. Серафимовича', NULL, 40, 3),
(110, 1, 'Минск', 'ул. Серафимовича', NULL, 40, 3),
(111, 1, 'Минск', 'ул. Серафимовича', NULL, 40, 3),
(112, 1, 'Минск', 'ул. Дукорская', NULL, 40, 3),
(113, 1, 'Минск', 'Рафиева', NULL, 40, 3),
(115, 1, 'Минск', 'damd', NULL, 343, 43),
(116, 1, 'Минск', 'Рафиева', NULL, 40, 3);

-- --------------------------------------------------------

--
-- Table structure for table `market_order_location_type`
--

CREATE TABLE `market_order_location_type` (
  `id` int(11) NOT NULL,
  `name` varchar(255) COLLATE utf8_unicode_ci NOT NULL,
  `title` varchar(255) COLLATE utf8_unicode_ci NOT NULL
) ENGINE=InnoDB DEFAULT CHARSET=utf8 COLLATE=utf8_unicode_ci;

--
-- Dumping data for table `market_order_location_type`
--

INSERT INTO `market_order_location_type` (`id`, `name`, `title`) VALUES
(1, 'Mail', 'Почта'),
(2, 'Minsk', 'Минск');

-- --------------------------------------------------------

--
-- Table structure for table `market_order_promo_code`
--

CREATE TABLE `market_order_promo_code` (
  `id` int(11) NOT NULL,
  `promo_hash` varchar(255) COLLATE utf8_unicode_ci DEFAULT NULL,
  `marks` int(11) NOT NULL,
  `created_at` datetime NOT NULL,
  `updated_at` datetime DEFAULT NULL
) ENGINE=InnoDB DEFAULT CHARSET=utf8 COLLATE=utf8_unicode_ci;

--
-- Dumping data for table `market_order_promo_code`
--

INSERT INTO `market_order_promo_code` (`id`, `promo_hash`, `marks`, `created_at`, `updated_at`) VALUES
(1, 'LUS30M4GE1', 0, '2019-02-27 18:50:06', NULL),
(2, 'GKG6KUKR38', 0, '2019-03-01 16:36:18', NULL),
(4, '4G5IP94BZ5', 0, '2019-03-01 16:38:26', NULL),
(5, '0L5I12JV03', 0, '2019-03-01 16:41:52', NULL),
(6, 'KWDRZ0U9FM', 0, '2019-03-01 16:43:22', NULL),
(7, 'EI7T70P20Q', 0, '2019-03-01 16:43:57', NULL),
(8, 'MAVFHHG4EH', 0, '2019-03-01 16:46:11', NULL),
(9, 'DK97UYDOIG', 0, '2019-03-01 16:46:46', NULL),
(10, 'NS3N18T291', 0, '2019-03-01 16:46:51', NULL),
(11, '4HE8GA1CJX', 0, '2019-03-01 16:46:51', NULL),
(12, 'P0BSHFEP1I', 0, '2019-03-01 16:46:51', NULL),
(13, 'SD4LO1D9ZO', 0, '2019-03-01 16:51:09', NULL),
(14, '4RSVYIR8UQ', 0, '2019-03-02 12:31:19', NULL),
(15, 'QZAS93Y97D', 0, '2019-03-03 00:41:13', NULL),
(16, 'G5LLZEADM6', 0, '2019-03-03 00:41:46', NULL),
(17, 'BGH23B2LB1', 0, '2019-03-03 00:41:48', NULL),
(18, 'QM0LRHA011', 0, '2019-03-03 00:41:49', NULL),
(19, '7GXTBWFVSZ', 0, '2019-03-03 00:49:08', NULL),
(20, 'J9WPT26XLV', 0, '2019-03-03 00:51:13', NULL),
(21, 'M93SOHW858', 0, '2019-03-03 00:55:29', NULL),
(22, 'RJB72K7322', 0, '2019-03-03 00:56:46', NULL),
(23, '6OISQ8JW94', 0, '2019-03-03 01:00:28', NULL),
(24, 'J8FX0ALHHN', 0, '2019-03-03 01:00:54', NULL),
(25, 'P5BSEQVX7L', 0, '2019-03-06 20:32:25', NULL),
(26, 'HBLA4PF7ZC', 0, '2019-03-06 20:33:53', NULL),
(27, 'NS6Q2U6EZY', 0, '2019-03-06 20:37:25', NULL),
(29, '5IB0PY6OJO', 0, '2019-03-06 20:56:36', NULL),
(30, 'W7EFJY0NZD', 0, '2019-03-06 23:56:45', NULL),
(31, '65QXCOM6UW', 0, '2019-03-06 23:59:10', NULL),
(32, 'BR4B6NBNIQ', 0, '2019-03-06 23:59:25', NULL),
(33, 'BYBZY5KXIK', 0, '2019-03-07 00:02:05', NULL),
(34, 'NDWSBK2H5A', 0, '2019-03-07 00:03:00', NULL),
(35, '0MYOG2I70O', 0, '2019-03-07 00:04:24', NULL),
(36, 'YMOF1B974M', 0, '2019-03-07 00:19:32', NULL),
(37, 'IFWT9AVYQG', 0, '2019-03-07 00:22:09', NULL),
(38, 'XBVMA0YRM2', 0, '2019-03-07 00:23:19', NULL),
(39, 'E1PE6SJNXN', 0, '2019-03-07 00:23:52', NULL),
(40, 'IC09UDPKJN', 0, '2019-03-07 00:28:03', NULL),
(41, 'D99CCKXB7W', 0, '2019-03-07 00:28:59', NULL),
(42, 'FXD9MLUB6B', 0, '2019-03-07 00:29:21', NULL),
(43, 'NITBZ27SKT', 0, '2019-03-07 00:50:14', NULL),
(44, '2EY1CK29KB', 0, '2019-03-07 01:01:42', NULL),
(45, 'FQ0LYLUSOJ', 0, '2019-03-07 01:05:45', NULL),
(46, 'BOR112337R', 0, '2019-03-07 01:07:55', NULL),
(47, 'QNGDIWD2WT', 0, '2019-03-07 19:03:08', NULL),
(48, 'VBT7ILR8S7', 0, '2019-03-07 19:05:34', NULL),
(49, 'EI7FTQDIQ3', 0, '2019-03-07 19:17:43', NULL),
(50, '7R50YU8DU7', 0, '2019-03-07 19:21:37', NULL),
(51, 'KD6X0T001H', 0, '2019-03-07 19:22:08', NULL),
(53, 'DZRVE41E3A', 0, '2019-03-07 19:28:25', NULL),
(54, 'YTKYQJF0JR', 0, '2019-03-07 19:30:39', NULL),
(55, '4PCU9F3965', 0, '2019-03-07 19:35:32', NULL),
(56, 'FOQQ5G3KWT', 0, '2019-03-07 19:37:18', NULL),
(57, 'KAT5Y52VLI', 0, '2019-03-07 19:52:29', NULL),
(64, '1VPXPZIXI0', 0, '2019-03-07 20:38:18', NULL),
(65, 'E0QFNIHHMF', 0, '2019-03-07 20:44:49', NULL),
(66, 'V70LDHVWAV', 0, '2019-03-08 01:18:20', NULL),
(67, 'S87A6H8VOZ', 0, '2019-03-08 01:20:09', NULL),
(68, '4R97YT8E53', 0, '2019-03-08 01:30:13', NULL),
(69, 'BM8XGOOPZY', 0, '2019-03-08 01:37:00', NULL),
(70, 'U04LRYDDKW', 0, '2019-03-08 01:45:39', NULL),
(71, '8MLG9IBGO6', 0, '2019-03-08 01:47:30', NULL),
(72, 'XTL4WDBKGO', 0, '2019-03-08 01:48:37', NULL),
(73, '275G2AJK5Q', 0, '2019-03-08 01:50:07', NULL),
(74, 'MLUQGIXTWR', 0, '2019-03-08 01:50:53', NULL),
(75, '5JGEFAY7UB', 0, '2019-03-08 01:51:41', NULL),
(76, 'NTVO2AJLKX', 0, '2019-03-08 01:52:35', NULL),
(77, '1L6HXA4IS6', 0, '2019-03-08 01:53:25', NULL),
(78, 'L6JL7U7FBF', 0, '2019-03-08 16:55:26', NULL),
(79, '4NJUNKFG70', 0, '2019-03-08 16:58:53', NULL),
(80, 'SZNPFRLNB2', 0, '2019-03-08 17:01:23', NULL),
(81, 'W3XQA13SJW', 0, '2019-03-08 17:25:44', NULL),
(82, 'ZZS15592XM', 0, '2019-03-08 18:28:42', NULL),
(83, 'AA0RWDKJ84', 0, '2019-03-09 00:25:01', NULL),
(84, 'UJTI00SB3M', 0, '2019-03-09 00:26:04', NULL),
(85, 'BTJGI293WA', 0, '2019-03-09 00:27:28', NULL),
(86, 'FKNZ9RDWP7', 0, '2019-03-09 00:48:15', NULL),
(87, 'XSXDSF6IUB', 0, '2019-03-09 01:32:40', NULL),
(88, '2ZD9I58CJF', 0, '2019-03-09 02:10:34', NULL),
(89, 'EOU5FC354K', 0, '2019-03-09 02:21:27', NULL),
(90, 'JP4R1GJLB0', 0, '2019-03-09 02:22:46', NULL),
(91, 'RX4DZGC589', 0, '2019-03-09 12:40:10', NULL),
(92, 'IIFZJTM8FY', 0, '2019-03-09 19:03:35', NULL),
(93, 'G6OH8KLV76', 0, '2019-03-10 17:30:22', NULL),
(94, 'LGF7YJWNOG', 0, '2019-03-13 14:22:20', NULL),
(95, 'PWH7D8BX23', 0, '2019-03-14 14:40:17', NULL),
(96, '8PT7ABEYU5', 0, '2019-03-14 14:41:34', NULL),
(97, 'H0L0JFXTS4', 0, '2019-03-14 14:45:47', NULL),
(98, '3LMWUNAC5Q', 0, '2019-03-14 15:28:59', NULL),
(99, 'LP4Z8Y1IH8', 0, '2019-03-14 15:37:01', NULL),
(100, '1DNNHCHTI1', 0, '2019-03-14 15:59:39', NULL),
(101, '7ID28TNIP7', 0, '2019-03-14 16:00:55', NULL),
(102, 'U0OPE09M70', 0, '2019-03-14 16:02:21', NULL),
(103, 'U9WMS2TDUU', 0, '2019-03-14 16:03:33', NULL),
(104, 'KWQMVXO2C3', 0, '2019-03-14 16:04:21', NULL),
(105, '8JXUWWZ0HO', 0, '2019-03-14 16:06:26', NULL),
(106, 'BBI3DFF1WV', 0, '2019-03-14 22:33:13', NULL),
(107, 'KO5SY9CY3U', 0, '2019-03-14 22:34:57', NULL),
(108, '0ZTDFQ43P9', 0, '2019-03-14 22:39:37', NULL),
(109, 'C5919X1WA3', 0, '2019-03-14 22:40:04', NULL),
(110, '3A64RYXPLQ', 0, '2019-03-14 22:41:30', NULL),
(111, '0CNZU1I91Z', 0, '2019-03-15 14:41:33', NULL),
(112, 'CN0P2VNS9L', 0, '2019-03-16 17:14:30', NULL),
(113, 'ZCJ0N8YJJU', 0, '2019-03-16 17:17:45', NULL),
(114, 'GEI1RWZ5DX', 0, '2019-03-16 17:20:00', NULL),
(115, '97NPIRN1QX', 0, '2019-03-16 22:20:11', NULL),
(116, '1HTFD3Q3Y1', 0, '2019-03-19 12:06:33', NULL),
(118, '1PRWXSCS07', 0, '2019-03-19 12:14:48', NULL),
(119, 'MGZYU3GZM9', 0, '2019-03-19 12:17:25', NULL);

-- --------------------------------------------------------

--
-- Table structure for table `migration_versions`
--

CREATE TABLE `migration_versions` (
  `version` varchar(14) COLLATE utf8_unicode_ci NOT NULL,
  `executed_at` datetime NOT NULL COMMENT '(DC2Type:datetime_immutable)'
) ENGINE=InnoDB DEFAULT CHARSET=utf8 COLLATE=utf8_unicode_ci;

--
-- Dumping data for table `migration_versions`
--

INSERT INTO `migration_versions` (`version`, `executed_at`) VALUES
('20190206142352', '2019-02-06 14:24:13'),
('20190207175738', '2019-02-07 17:57:45'),
('20190209115252', '2019-02-09 11:53:18'),
('20190209124247', '2019-02-09 12:42:53'),
('20190209142409', '2019-02-09 14:24:21'),
('20190213143639', '2019-02-13 14:36:49'),
('20190220154902', '2019-02-20 15:49:12'),
('20190220155839', '2019-02-20 15:58:44'),
('20190226205334', '2019-02-26 20:53:47'),
('20190301133755', '2019-03-01 13:38:15'),
('20190309131714', '2019-03-09 13:17:33'),
('20190310212001', '2019-03-10 21:20:09'),
('20190317082457', '2019-03-17 08:25:07'),
('20190318201308', '2019-03-18 20:13:15'),
('20190319072308', '2019-03-19 07:23:13'),
('20190319091021', '2019-03-19 09:10:27');

-- --------------------------------------------------------

--
-- Table structure for table `news`
--

CREATE TABLE `news` (
  `id` int(11) NOT NULL,
  `title` varchar(255) COLLATE utf8_unicode_ci NOT NULL,
  `short_description` longtext COLLATE utf8_unicode_ci NOT NULL,
  `content` longtext COLLATE utf8_unicode_ci NOT NULL,
  `created_at` datetime NOT NULL,
  `likes` int(11) NOT NULL,
  `preview_image` varchar(255) COLLATE utf8_unicode_ci DEFAULT NULL,
  `category_id` int(11) DEFAULT NULL,
  `is_main` tinyint(1) NOT NULL,
  `sub_category_id` int(11) DEFAULT NULL,
  `product_id` int(11) DEFAULT NULL,
  `is_overview` tinyint(1) NOT NULL
) ENGINE=InnoDB DEFAULT CHARSET=utf8 COLLATE=utf8_unicode_ci;

--
-- Dumping data for table `news`
--

INSERT INTO `news` (`id`, `title`, `short_description`, `content`, `created_at`, `likes`, `preview_image`, `category_id`, `is_main`, `sub_category_id`, `product_id`, `is_overview`) VALUES
(2, 'Моя первая статья', 'Прошло 3 месяца, как вы купили SEO, а лиды все еще не идут и трафика мало? Разрывать договор или довериться? Объясняем, как понять, что SEO-подрядчик хорошо работает по сайту, даже если вы вообще ничего…', 'Прошло 3 месяца, как вы купили SEO, а лиды все еще не идут и трафика мало? Разрывать договор или довериться? Объясняем, как понять, что SEO-подрядчик хорошо работает по сайту, даже если вы вообще ничего…\nПрошло 3 месяца, как вы купили SEO, а лиды все еще не идут и трафика мало? Разрывать договор или довериться? Объясняем, как понять, что SEO-подрядчик хорошо работает по сайту, даже если вы вообще ничего…', '2019-02-13 18:01:51', 3, '12e5b0be7a9cf0c4dd0f8057d516c22d.jpeg', 1, 0, 1, 3, 1),
(4, 'Супер статья', 'Объясняем, как понять, что SEO-подрядчик хорошо работает по сайту, даже если вы вообще ничего…\nдоговор или довериться? Объясняем, как понять, что SEO-подрядчик хорошо работает по сайту, даже если вы вообще ничего…Прошло 3 месяца, как вы купили SEO, а лиды все еще не идут и трафика мало? Разрывать договор или довериться? Объясняем, как понять, что SEO-подрядчик хорошо работает по сайту, даже если вы вообще ничего…', 'Прошло 3 месяца, как вы купили SEO, а лиды все еще не идут и трафика мало? Разрывать договор или довериться? Объясняем, как понять, что SEO-подрядчик хорошо работает по сайту, даже если вы вообще ничего…\nПрошло 3 месяца, как вы купили SEO, а лиды все еще не идут и трафика мало? Разрывать договор или довериться? Объясняем, как понять, что SEO-подрядчик хорошо работает по сайту, даже если вы вообще ничего…', '2019-02-13 18:06:18', 1, '6ec37b2f9d6f5960fff87051354cf3c2.jpeg', 1, 0, 1, 3, 0),
(7, 'Восьмая статья от нас', 'Прошло 3 месяца, как вы купили SEO, а лиды все еще не идут и трафика мало? Разрывать договор или довериться? Объясняем, как понять, что SEO-подрядчик хорошо работает по сайту, даже если вы вообще ничего…', 'еще не идут и трафика мало? Разрывать договор или довериться? Объясняем, как понять, что SEO-подрядчик хорошо работает по сайту, даже если вы вообще ничего…\nПрошло 3 месяца, как вы купили SEO, а лиды все еще не идут и трафика мало? Разрывать договор или довериться? Объясняем, как понять, что SEO-подрядчик хорошо работает по сайту, даже если вы вообще ничего…', '2019-02-13 18:07:16', 12, '6542ea7817108492e52ecc82d32b4242.jpeg', 1, 0, 2, NULL, 0),
(8, 'Восьмая статья от нас', 'Прошло 3 месяца, как вы купили SEO, а лиды все еще не идут и трафика мало? Разрывать договор или довериться? Объясняем, как понять, что SEO-подрядчик хорошо работает по сайту, даже если вы вообще ничего…', 'еще не идут и трафика мало? Разрывать договор или довериться? Объясняем, как понять, что SEO-подрядчик хорошо работает по сайту, даже если вы вообще ничего…\nПрошло 3 месяца, как вы купили SEO, а лиды все еще не идут и трафика мало? Разрывать договор или довериться? Объясняем, как понять, что SEO-подрядчик хорошо работает по сайту, даже если вы вообще ничего…', '2019-03-09 16:43:48', 12, '6089ed333746e4a2a4a1b37a7bbc4b26.jpeg', 1, 1, 2, NULL, 0),
(9, 'Статья о МУЛЬТИВАРКЕ', 'Прошло 3 месяца, как вы купили SEO, а лиды все еще не идут и трафика мало? Разрывать договор или довериться? Объясняем, как понять, что SEO-подрядчик хорошо работает по сайту, даже если вы вообще ничего…', 'еще не идут и трафика мало? Разрывать договор или довериться? Объясняем, как понять, что SEO-подрядчик хорошо работает по сайту, даже если вы вообще ничего…\nПрошло 3 месяца, как вы купили SEO, а лиды все еще не идут и трафика мало? Разрывать договор или довериться? Объясняем, как понять, что SEO-подрядчик хорошо работает по сайту, даже если вы вообще ничего…', '2019-03-09 16:43:48', 12, '6089ed333746e4a2a4a1b37a7bbc4b26.jpeg', 1, 1, 2, 3, 0);

-- --------------------------------------------------------

--
-- Table structure for table `news_category`
--

CREATE TABLE `news_category` (
  `id` int(11) NOT NULL,
  `name` varchar(255) COLLATE utf8_unicode_ci NOT NULL,
  `slug` varchar(255) COLLATE utf8_unicode_ci NOT NULL
) ENGINE=InnoDB DEFAULT CHARSET=utf8 COLLATE=utf8_unicode_ci;

--
-- Dumping data for table `news_category`
--

INSERT INTO `news_category` (`id`, `name`, `slug`) VALUES
(1, 'Умная техника', 'smart-electronic'),
(2, 'Для дачи', 'for-house'),
(3, 'Третья категорий', 'third-category'),
(4, 'Последние новости', 'last-news'),
(5, 'О телевизорах', 'about-televisors');

-- --------------------------------------------------------

--
-- Table structure for table `news_sub_category`
--

CREATE TABLE `news_sub_category` (
  `id` int(11) NOT NULL,
  `parent_category_id` int(11) DEFAULT NULL,
  `name` varchar(255) COLLATE utf8_unicode_ci NOT NULL,
  `slug` varchar(255) COLLATE utf8_unicode_ci NOT NULL
) ENGINE=InnoDB DEFAULT CHARSET=utf8 COLLATE=utf8_unicode_ci;

--
-- Dumping data for table `news_sub_category`
--

INSERT INTO `news_sub_category` (`id`, `parent_category_id`, `name`, `slug`) VALUES
(1, 1, 'Умные браслеты', 'smart-lines'),
(2, 1, 'Умные мультиварки', 'smart-waters'),
(3, 1, 'Последние новинки', 'last-news-1'),
(4, 1, 'Роботы', 'robots');

-- --------------------------------------------------------

--
-- Table structure for table `next_sub_category`
--

CREATE TABLE `next_sub_category` (
  `id` int(11) NOT NULL,
  `parent_category_id` int(11) DEFAULT NULL,
  `name` varchar(255) COLLATE utf8_unicode_ci NOT NULL,
  `slug` varchar(255) COLLATE utf8_unicode_ci NOT NULL
) ENGINE=InnoDB DEFAULT CHARSET=utf8 COLLATE=utf8_unicode_ci;

--
-- Dumping data for table `next_sub_category`
--

INSERT INTO `next_sub_category` (`id`, `parent_category_id`, `name`, `slug`) VALUES
(1, 1, 'Xiaomi браслеты', 'xiaomi-lines'),
(2, 1, 'Подделки', 'not-real'),
(3, 1, 'Оригинальные модели', 'original-models');

-- --------------------------------------------------------

--
-- Table structure for table `product`
--

CREATE TABLE `product` (
  `id` int(11) NOT NULL,
  `category_id` int(11) DEFAULT NULL,
  `product_color_id` int(11) DEFAULT NULL,
  `name` varchar(100) COLLATE utf8_unicode_ci NOT NULL,
  `price` int(11) NOT NULL,
  `available` tinyint(1) NOT NULL,
  `short_description` longtext COLLATE utf8_unicode_ci,
  `created_at` datetime DEFAULT NULL,
  `discount_status` tinyint(1) NOT NULL,
  `discount_percent_value` int(11) NOT NULL,
  `preview_photo` varchar(255) COLLATE utf8_unicode_ci DEFAULT NULL,
  `product_status_id` int(11) DEFAULT NULL
) ENGINE=InnoDB DEFAULT CHARSET=utf8 COLLATE=utf8_unicode_ci;

--
-- Dumping data for table `product`
--

INSERT INTO `product` (`id`, `category_id`, `product_color_id`, `name`, `price`, `available`, `short_description`, `created_at`, `discount_status`, `discount_percent_value`, `preview_photo`, `product_status_id`) VALUES
(3, 1, 1, 'Умные часы Wise DZ09', 45, 1, 'Часы-телефон, поддержка Android/iOS, шагомер, карты памяти, время работы: 2 суток.', '2019-02-07 21:03:56', 1, 15, '621b0ab3d78a1536e61bfd45ddefb224.jpeg', 1),
(4, 1, 2, 'Умные часы Wise GT08', 38, 1, 'Часы-компьютер, 2gb ОЗУ, поддержка Android/iOS, шагомер, карты памяти, время работы: 2 суток', '2019-02-09 15:00:37', 1, 25, 'ec7b9128a131d4762a941e62a652fc14.jpeg', 1),
(5, 1, 3, 'Умные часы Wise KW88', 240, 1, 'Многофункциональные часы, 4gb ОЗУ, поддержка Android/iOS, шагомер, карты памяти, время работы: 2 суток', '2019-02-09 17:32:59', 1, 30, '2fdb1a5770ca6ba64800f1f9f5bc4ac7.jpeg', 2),
(6, 1, 1, 'Умные часы Wise DZ09', 48, 1, 'Многофункциональные часы, 4gb ОЗУ, поддержка Android/iOS, шагомер, карты памяти, время работы: 2 суток', '2019-02-10 18:37:51', 1, 30, '14231bbce388795b2f847ef16fcb5af7.jpeg', 1),
(7, 1, 2, 'Умные часы Wis', 55, 1, 'Многофункциональные часы, 4gb ОЗУ, поддержка Android/iOS, шагомер, карты памяти, время работы: 2 суток', '2019-02-10 18:38:11', 1, 30, 'ee28ccaa9ca17603b2563845d7ecbe8f.jpeg', 2),
(8, 1, 1, 'Apple Watch', 780, 1, 'Многофункциональные часы, 4gb ОЗУ, поддержка Android/iOS, шагомер, карты памяти, время работы: 2 суток', '2019-03-18 12:18:35', 1, 12, 'bf20cd1fab58363add525070b8b4e658.jpeg', 1),
(9, 1, 1, 'Apple Watch 2', 1200, 1, 'Многофункциональные часы, 4gb ОЗУ, поддержка Android/iOS, шагомер, карты памяти, время работы: 2 суток', '2019-03-18 12:20:19', 1, 20, 'db4c861b241ad07030e9ca017f9faa96.jpeg', 1),
(10, 1, 1, 'Samsung Galaxy', 700, 1, 'Многофункциональные часы, 4gb ОЗУ, поддержка Android/iOS, шагомер, карты памяти, время работы: 2 суток', '2019-03-18 12:20:52', 1, 60, '0f3577dbe684b6edfe3606a0d85dd164.jpeg', 1),
(11, 1, 1, 'Samsung Galaxy 34', 740, 1, 'Многофункциональные часы, 4gb ОЗУ, поддержка Android/iOS, шагомер, карты памяти, время работы: 2 суток', '2019-03-18 12:21:11', 1, 20, 'a9b3bac5157fe24b95255d0712e064b5.webp', 2);

-- --------------------------------------------------------

--
-- Table structure for table `product_characteristic`
--

CREATE TABLE `product_characteristic` (
  `id` int(11) NOT NULL,
  `parent_section` int(11) DEFAULT NULL,
  `name` varchar(100) COLLATE utf8_unicode_ci NOT NULL,
  `value` longtext COLLATE utf8_unicode_ci NOT NULL
) ENGINE=InnoDB DEFAULT CHARSET=utf8 COLLATE=utf8_unicode_ci;

--
-- Dumping data for table `product_characteristic`
--

INSERT INTO `product_characteristic` (`id`, `parent_section`, `name`, `value`) VALUES
(1, 1, 'Производитель', 'Германия'),
(2, 1, 'Цвет', 'Синий'),
(3, 2, 'Оперативная память', '24gb'),
(4, 2, 'Разрешение экрана', '1920x1080'),
(5, 3, 'Оперативная память', '24gb'),
(6, 4, 'Производитель', 'Германия');

-- --------------------------------------------------------

--
-- Table structure for table `product_characteristic_section`
--

CREATE TABLE `product_characteristic_section` (
  `id` int(11) NOT NULL,
  `product_id` int(11) DEFAULT NULL,
  `name` varchar(100) COLLATE utf8_unicode_ci NOT NULL
) ENGINE=InnoDB DEFAULT CHARSET=utf8 COLLATE=utf8_unicode_ci;

--
-- Dumping data for table `product_characteristic_section`
--

INSERT INTO `product_characteristic_section` (`id`, `product_id`, `name`) VALUES
(1, 3, 'Основные'),
(2, 3, 'Технические характеристики'),
(3, 4, 'Основные'),
(4, 5, 'Технические характеристики');

-- --------------------------------------------------------

--
-- Table structure for table `product_color`
--

CREATE TABLE `product_color` (
  `id` int(11) NOT NULL,
  `name` varchar(20) COLLATE utf8_unicode_ci NOT NULL
) ENGINE=InnoDB DEFAULT CHARSET=utf8 COLLATE=utf8_unicode_ci;

--
-- Dumping data for table `product_color`
--

INSERT INTO `product_color` (`id`, `name`) VALUES
(1, 'Золотистый'),
(2, 'Темный'),
(3, 'Белый');

-- --------------------------------------------------------

--
-- Table structure for table `product_photo`
--

CREATE TABLE `product_photo` (
  `id` int(11) NOT NULL,
  `product` int(11) DEFAULT NULL,
  `title` varchar(100) COLLATE utf8_unicode_ci DEFAULT NULL,
  `image` varchar(255) COLLATE utf8_unicode_ci NOT NULL
) ENGINE=InnoDB DEFAULT CHARSET=utf8 COLLATE=utf8_unicode_ci;

--
-- Dumping data for table `product_photo`
--

INSERT INTO `product_photo` (`id`, `product`, `title`, `image`) VALUES
(23, 3, NULL, '621b0ab3d78a1536e61bfd45ddefb224.jpeg'),
(24, 3, NULL, '93af7ac11e485370624ad62d1dfa2c9e.jpeg'),
(25, 3, NULL, '592237bfe8d4b35c93c4575867642207.jpeg'),
(26, 4, NULL, '9bf41e1eaa46ce7662ef297029ebdd40.jpeg'),
(27, 4, NULL, '2e205b5d4068514ad72bc4ba722660cb.jpeg'),
(28, 4, NULL, 'ec7b9128a131d4762a941e62a652fc14.jpeg');

-- --------------------------------------------------------

--
-- Table structure for table `product_status`
--

CREATE TABLE `product_status` (
  `id` int(11) NOT NULL,
  `name` varchar(255) COLLATE utf8_unicode_ci NOT NULL,
  `title` varchar(255) COLLATE utf8_unicode_ci NOT NULL
) ENGINE=InnoDB DEFAULT CHARSET=utf8 COLLATE=utf8_unicode_ci;

--
-- Dumping data for table `product_status`
--

INSERT INTO `product_status` (`id`, `name`, `title`) VALUES
(1, 'bonuses', 'На акции'),
(2, 'pre-order', 'Предзаказ');

-- --------------------------------------------------------

--
-- Table structure for table `sub_category`
--

CREATE TABLE `sub_category` (
  `id` int(11) NOT NULL,
  `parent_category_id` int(11) DEFAULT NULL,
  `name` varchar(255) COLLATE utf8_unicode_ci NOT NULL,
  `slug` varchar(255) COLLATE utf8_unicode_ci NOT NULL
) ENGINE=InnoDB DEFAULT CHARSET=utf8 COLLATE=utf8_unicode_ci;

--
-- Dumping data for table `sub_category`
--

INSERT INTO `sub_category` (`id`, `parent_category_id`, `name`, `slug`) VALUES
(1, 1, 'Умные браслеты', 'smart-lines'),
(2, 1, 'Умные брутальные часы', 'smart-man-watches'),
(3, 1, 'Женские модели', 'women-watches'),
(4, 1, 'С циферблатом', 'with-curcle'),
(5, 7, 'Паурбанки', 'powebanks'),
(6, 7, 'Новинки', 'news-powerbanks'),
(7, 7, 'Xiaomi powerbanks', 'xiaomi-powerbanks'),
(8, 7, 'Оригинальные', 'original-powerbanks');

--
-- Indexes for dumped tables
--

--
-- Indexes for table `category`
--
ALTER TABLE `category`
  ADD PRIMARY KEY (`id`);

--
-- Indexes for table `marker_order`
--
ALTER TABLE `marker_order`
  ADD PRIMARY KEY (`id`),
  ADD KEY `IDX_5DD719D7FB68585` (`client_info_id`),
  ADD KEY `IDX_5DD719D764D218E` (`location_id`),
  ADD KEY `IDX_5DD719D79291C89D` (`delivery_way_id`),
  ADD KEY `IDX_5DD719D72FAE4625` (`promo_code_id`);

--
-- Indexes for table `market_ordered_products`
--
ALTER TABLE `market_ordered_products`
  ADD PRIMARY KEY (`id`),
  ADD KEY `IDX_A49D05708D9F6D38` (`order_id`),
  ADD KEY `IDX_A49D05704584665A` (`product_id`);

--
-- Indexes for table `market_order_client_info`
--
ALTER TABLE `market_order_client_info`
  ADD PRIMARY KEY (`id`);

--
-- Indexes for table `market_order_delivery_way`
--
ALTER TABLE `market_order_delivery_way`
  ADD PRIMARY KEY (`id`);

--
-- Indexes for table `market_order_location`
--
ALTER TABLE `market_order_location`
  ADD PRIMARY KEY (`id`),
  ADD KEY `IDX_EE29855DCDAE269` (`location_type`);

--
-- Indexes for table `market_order_location_type`
--
ALTER TABLE `market_order_location_type`
  ADD PRIMARY KEY (`id`);

--
-- Indexes for table `market_order_promo_code`
--
ALTER TABLE `market_order_promo_code`
  ADD PRIMARY KEY (`id`);

--
-- Indexes for table `migration_versions`
--
ALTER TABLE `migration_versions`
  ADD PRIMARY KEY (`version`);

--
-- Indexes for table `news`
--
ALTER TABLE `news`
  ADD PRIMARY KEY (`id`),
  ADD KEY `IDX_1DD3995012469DE2` (`category_id`),
  ADD KEY `IDX_1DD39950F7BFE87C` (`sub_category_id`),
  ADD KEY `IDX_1DD399504584665A` (`product_id`);

--
-- Indexes for table `news_category`
--
ALTER TABLE `news_category`
  ADD PRIMARY KEY (`id`);

--
-- Indexes for table `news_sub_category`
--
ALTER TABLE `news_sub_category`
  ADD PRIMARY KEY (`id`),
  ADD KEY `IDX_5AA99E2F796A8F92` (`parent_category_id`);

--
-- Indexes for table `next_sub_category`
--
ALTER TABLE `next_sub_category`
  ADD PRIMARY KEY (`id`),
  ADD KEY `IDX_6BECF772796A8F92` (`parent_category_id`);

--
-- Indexes for table `product`
--
ALTER TABLE `product`
  ADD PRIMARY KEY (`id`),
  ADD KEY `IDX_D34A04AD12469DE2` (`category_id`),
  ADD KEY `IDX_D34A04ADB16A7522` (`product_color_id`),
  ADD KEY `IDX_D34A04AD557B630` (`product_status_id`);

--
-- Indexes for table `product_characteristic`
--
ALTER TABLE `product_characteristic`
  ADD PRIMARY KEY (`id`),
  ADD KEY `IDX_146D77C5F3B0EA9` (`parent_section`);

--
-- Indexes for table `product_characteristic_section`
--
ALTER TABLE `product_characteristic_section`
  ADD PRIMARY KEY (`id`),
  ADD KEY `IDX_28C1E2474584665A` (`product_id`);

--
-- Indexes for table `product_color`
--
ALTER TABLE `product_color`
  ADD PRIMARY KEY (`id`);

--
-- Indexes for table `product_photo`
--
ALTER TABLE `product_photo`
  ADD PRIMARY KEY (`id`),
  ADD KEY `IDX_B5EBFF44D34A04AD` (`product`);

--
-- Indexes for table `product_status`
--
ALTER TABLE `product_status`
  ADD PRIMARY KEY (`id`);

--
-- Indexes for table `sub_category`
--
ALTER TABLE `sub_category`
  ADD PRIMARY KEY (`id`),
  ADD KEY `IDX_BCE3F798796A8F92` (`parent_category_id`);

--
-- AUTO_INCREMENT for dumped tables
--

--
-- AUTO_INCREMENT for table `category`
--
ALTER TABLE `category`
  MODIFY `id` int(11) NOT NULL AUTO_INCREMENT, AUTO_INCREMENT=10;
--
-- AUTO_INCREMENT for table `marker_order`
--
ALTER TABLE `marker_order`
  MODIFY `id` int(11) NOT NULL AUTO_INCREMENT, AUTO_INCREMENT=111;
--
-- AUTO_INCREMENT for table `market_ordered_products`
--
ALTER TABLE `market_ordered_products`
  MODIFY `id` int(11) NOT NULL AUTO_INCREMENT, AUTO_INCREMENT=148;
--
-- AUTO_INCREMENT for table `market_order_client_info`
--
ALTER TABLE `market_order_client_info`
  MODIFY `id` int(11) NOT NULL AUTO_INCREMENT, AUTO_INCREMENT=117;
--
-- AUTO_INCREMENT for table `market_order_delivery_way`
--
ALTER TABLE `market_order_delivery_way`
  MODIFY `id` int(11) NOT NULL AUTO_INCREMENT, AUTO_INCREMENT=4;
--
-- AUTO_INCREMENT for table `market_order_location`
--
ALTER TABLE `market_order_location`
  MODIFY `id` int(11) NOT NULL AUTO_INCREMENT, AUTO_INCREMENT=117;
--
-- AUTO_INCREMENT for table `market_order_location_type`
--
ALTER TABLE `market_order_location_type`
  MODIFY `id` int(11) NOT NULL AUTO_INCREMENT, AUTO_INCREMENT=3;
--
-- AUTO_INCREMENT for table `market_order_promo_code`
--
ALTER TABLE `market_order_promo_code`
  MODIFY `id` int(11) NOT NULL AUTO_INCREMENT, AUTO_INCREMENT=120;
--
-- AUTO_INCREMENT for table `news`
--
ALTER TABLE `news`
  MODIFY `id` int(11) NOT NULL AUTO_INCREMENT, AUTO_INCREMENT=10;
--
-- AUTO_INCREMENT for table `news_category`
--
ALTER TABLE `news_category`
  MODIFY `id` int(11) NOT NULL AUTO_INCREMENT, AUTO_INCREMENT=6;
--
-- AUTO_INCREMENT for table `news_sub_category`
--
ALTER TABLE `news_sub_category`
  MODIFY `id` int(11) NOT NULL AUTO_INCREMENT, AUTO_INCREMENT=5;
--
-- AUTO_INCREMENT for table `next_sub_category`
--
ALTER TABLE `next_sub_category`
  MODIFY `id` int(11) NOT NULL AUTO_INCREMENT, AUTO_INCREMENT=4;
--
-- AUTO_INCREMENT for table `product`
--
ALTER TABLE `product`
  MODIFY `id` int(11) NOT NULL AUTO_INCREMENT, AUTO_INCREMENT=12;
--
-- AUTO_INCREMENT for table `product_characteristic`
--
ALTER TABLE `product_characteristic`
  MODIFY `id` int(11) NOT NULL AUTO_INCREMENT, AUTO_INCREMENT=7;
--
-- AUTO_INCREMENT for table `product_characteristic_section`
--
ALTER TABLE `product_characteristic_section`
  MODIFY `id` int(11) NOT NULL AUTO_INCREMENT, AUTO_INCREMENT=5;
--
-- AUTO_INCREMENT for table `product_color`
--
ALTER TABLE `product_color`
  MODIFY `id` int(11) NOT NULL AUTO_INCREMENT, AUTO_INCREMENT=4;
--
-- AUTO_INCREMENT for table `product_photo`
--
ALTER TABLE `product_photo`
  MODIFY `id` int(11) NOT NULL AUTO_INCREMENT, AUTO_INCREMENT=29;
--
-- AUTO_INCREMENT for table `product_status`
--
ALTER TABLE `product_status`
  MODIFY `id` int(11) NOT NULL AUTO_INCREMENT, AUTO_INCREMENT=3;
--
-- AUTO_INCREMENT for table `sub_category`
--
ALTER TABLE `sub_category`
  MODIFY `id` int(11) NOT NULL AUTO_INCREMENT, AUTO_INCREMENT=9;
--
-- Constraints for dumped tables
--

--
-- Constraints for table `marker_order`
--
ALTER TABLE `marker_order`
  ADD CONSTRAINT `FK_5DD719D72FAE4625` FOREIGN KEY (`promo_code_id`) REFERENCES `market_order_promo_code` (`id`),
  ADD CONSTRAINT `FK_5DD719D764D218E` FOREIGN KEY (`location_id`) REFERENCES `market_order_location` (`id`),
  ADD CONSTRAINT `FK_5DD719D79291C89D` FOREIGN KEY (`delivery_way_id`) REFERENCES `market_order_delivery_way` (`id`),
  ADD CONSTRAINT `FK_5DD719D7FB68585` FOREIGN KEY (`client_info_id`) REFERENCES `market_order_client_info` (`id`);

--
-- Constraints for table `market_ordered_products`
--
ALTER TABLE `market_ordered_products`
  ADD CONSTRAINT `FK_A49D05704584665A` FOREIGN KEY (`product_id`) REFERENCES `product` (`id`),
  ADD CONSTRAINT `FK_A49D05708D9F6D38` FOREIGN KEY (`order_id`) REFERENCES `marker_order` (`id`);

--
-- Constraints for table `market_order_location`
--
ALTER TABLE `market_order_location`
  ADD CONSTRAINT `FK_EE29855DCDAE269` FOREIGN KEY (`location_type`) REFERENCES `market_order_location_type` (`id`);

--
-- Constraints for table `news`
--
ALTER TABLE `news`
  ADD CONSTRAINT `FK_1DD3995012469DE2` FOREIGN KEY (`category_id`) REFERENCES `news_category` (`id`),
  ADD CONSTRAINT `FK_1DD399504584665A` FOREIGN KEY (`product_id`) REFERENCES `product` (`id`),
  ADD CONSTRAINT `FK_1DD39950F7BFE87C` FOREIGN KEY (`sub_category_id`) REFERENCES `news_sub_category` (`id`);

--
-- Constraints for table `news_sub_category`
--
ALTER TABLE `news_sub_category`
  ADD CONSTRAINT `FK_5AA99E2F796A8F92` FOREIGN KEY (`parent_category_id`) REFERENCES `news_category` (`id`);

--
-- Constraints for table `next_sub_category`
--
ALTER TABLE `next_sub_category`
  ADD CONSTRAINT `FK_6BECF772796A8F92` FOREIGN KEY (`parent_category_id`) REFERENCES `sub_category` (`id`);

--
-- Constraints for table `product`
--
ALTER TABLE `product`
  ADD CONSTRAINT `FK_D34A04AD12469DE2` FOREIGN KEY (`category_id`) REFERENCES `sub_category` (`id`),
  ADD CONSTRAINT `FK_D34A04AD557B630` FOREIGN KEY (`product_status_id`) REFERENCES `product_status` (`id`),
  ADD CONSTRAINT `FK_D34A04ADB16A7522` FOREIGN KEY (`product_color_id`) REFERENCES `product_color` (`id`);

--
-- Constraints for table `product_characteristic`
--
ALTER TABLE `product_characteristic`
  ADD CONSTRAINT `FK_146D77C5F3B0EA9` FOREIGN KEY (`parent_section`) REFERENCES `product_characteristic_section` (`id`);

--
-- Constraints for table `product_characteristic_section`
--
ALTER TABLE `product_characteristic_section`
  ADD CONSTRAINT `FK_28C1E2474584665A` FOREIGN KEY (`product_id`) REFERENCES `product` (`id`);

--
-- Constraints for table `product_photo`
--
ALTER TABLE `product_photo`
  ADD CONSTRAINT `FK_B5EBFF44D34A04AD` FOREIGN KEY (`product`) REFERENCES `product` (`id`);

--
-- Constraints for table `sub_category`
--
ALTER TABLE `sub_category`
  ADD CONSTRAINT `FK_BCE3F798796A8F92` FOREIGN KEY (`parent_category_id`) REFERENCES `category` (`id`);

/*!40101 SET CHARACTER_SET_CLIENT=@OLD_CHARACTER_SET_CLIENT */;
/*!40101 SET CHARACTER_SET_RESULTS=@OLD_CHARACTER_SET_RESULTS */;
/*!40101 SET COLLATION_CONNECTION=@OLD_COLLATION_CONNECTION */;
